{"cameraMode":{"drawMode":0,"name":"Shaded","section":"Shading Mode"},"sceneLighting":true,"audioPlay":false,"sceneViewState":{"showFog":false,"showMaterialUpdate":false,"showSkybox":true,"showFlares":true,"showImageEffects":true,"showParticleSystems":true},"in2DMode":false,"pivot":{"x":-162.573974609375,"y":-246.2853546142578,"z":-37.99498748779297},"rotation":{"x":-0.2606961131095886,"y":0.7182097434997559,"z":-0.3424242436885834,"w":-0.5467820167541504},"size":220.52488708496095,"orthographic":false}